[
    {
        "TypeId": 0,
        "Regions": [
            {
                "ClassId": [
                    8
                ],
                "PolyPointList": [
                    {
                        "X": 106,
                        "Y": 191
                    },
                    {
                        "X": 169,
                        "Y": 186
                    },
                    {
                        "X": 171,
                        "Y": 108
                    },
                    {
                        "X": 108,
                        "Y": 102
                    }
                ],
                "Reverse": false
            },
            {
                "ClassId": [
                    2,
                    6
                ],
                "PolyPointList": [
                    {
                        "X": 94,
                        "Y": 60
                    },
                    {
                        "X": 156,
                        "Y": 54
                    },
                    {
                        "X": 152,
                        "Y": 20
                    },
                    {
                        "X": 105,
                        "Y": 18
                    }
                ],
                "Reverse": true
            }
        ]
    },
    {
        "TypeId": 1,
        "Regions": [
            {
                "ClassId": [
                    3,
                    8
                ],
                "PolyPointList": [
                    {
                        "X": 471,
                        "Y": 576
                    },
                    {
                        "X": 575,
                        "Y": 469
                    },
                    {
                        "X": 547,
                        "Y": 346
                    },
                    {
                        "X": 297,
                        "Y": 405
                    },
                    {
                        "X": 331,
                        "Y": 486
                    },
                    {
                        "X": 336,
                        "Y": 534
                    },
                    {
                        "X": 392,
                        "Y": 563
                    }
                ],
                "Reverse": true
            }
        ]
    }
]